country,cause,year,total
Australia,Certain infectious and parasitic diseases,2002,11.2
Australia,Certain infectious and parasitic diseases,1998,10.4
Australia,"Congenital malformations, deformations and chromosomal abnormalities",1982,5.6
Australia,"Congenital malformations, deformations and chromosomal abnormalities",1983,5.5
Australia,Total,1992,1068.6
Australia,Total,1993,1022
Australia,"Congenital malformations, deformations and chromosomal abnormalities",1986,4.3
Australia,"Congenital malformations, deformations and chromosomal abnormalities",1987,4.4
Australia,"Congenital malformations, deformations and chromosomal abnormalities",1988,4.3
Australia,"Congenital malformations, deformations and chromosomal abnormalities",1989,4.3
Australia,"Congenital malformations, deformations and chromosomal abnormalities",1990,4.1
Australia,"Congenital malformations, deformations and chromosomal abnormalities",1991,4.1
Australia,"Congenital malformations, deformations and chromosomal abnormalities",1992,4
Australia,"Congenital malformations, deformations and chromosomal abnormalities",2019,2.8
Australia,"Congenital malformations, deformations and chromosomal abnormalities",2020,2.6
Australia,"Congenital malformations, deformations and chromosomal abnormalities",1995,3.3
Australia,"Congenital malformations, deformations and chromosomal abnormalities",2021,2.7
Australia,"Congenital malformations, deformations and chromosomal abnormalities",2022,2.7
Australia,"Congenital malformations, deformations and chromosomal abnormalities",1996,3.2
Australia,"Congenital malformations, deformations and chromosomal abnormalities",1997,3.8
Australia,"Congenital malformations, deformations and chromosomal abnormalities",1999,3.5
Australia,"Congenital malformations, deformations and chromosomal abnormalities",2000,3.1
Australia,"Congenital malformations, deformations and chromosomal abnormalities",2001,3
Australia,"Congenital malformations, deformations and chromosomal abnormalities",2002,2.9
Australia,"Congenital malformations, deformations and chromosomal abnormalities",2003,3
Australia,"Congenital malformations, deformations and chromosomal abnormalities",2004,2.9
Australia,"Congenital malformations, deformations and chromosomal abnormalities",2006,2.7
Australia,"Congenital malformations, deformations and chromosomal abnormalities",2007,2.8
Australia,"Congenital malformations, deformations and chromosomal abnormalities",2008,2.8
Australia,"Congenital malformations, deformations and chromosomal abnormalities",2009,2.8
Australia,"Congenital malformations, deformations and chromosomal abnormalities",2010,2.7
Australia,"Congenital malformations, deformations and chromosomal abnormalities",2011,2.4
Australia,"Congenital malformations, deformations and chromosomal abnormalities",2012,2.4
Australia,"Congenital malformations, deformations and chromosomal abnormalities",2013,2.6
Australia,"Congenital malformations, deformations and chromosomal abnormalities",1984,5
Australia,"Congenital malformations, deformations and chromosomal abnormalities",1985,5.2
Australia,"Congenital malformations, deformations and chromosomal abnormalities",2018,2.6
Australia,"Congenital malformations, deformations and chromosomal abnormalities",2015,2.4
Australia,"Congenital malformations, deformations and chromosomal abnormalities",2016,2.4
Australia,"Congenital malformations, deformations and chromosomal abnormalities",2017,2.6
Australia,Neoplasms,1982,263.3
Australia,Neoplasms,1983,266.3
Australia,Neoplasms,2020,194.3
Australia,Neoplasms,2021,195.8
Australia,Neoplasms,2022,195.1
Australia,Neoplasms,1998,252.7
Australia,Neoplasms,2010,224.3
Australia,Neoplasms,2011,222.2
Australia,Neoplasms,2012,215.1
Australia,Neoplasms,2013,214.7
Australia,Neoplasms,2014,209.6
Australia,Neoplasms,2015,213
Australia,Neoplasms,2016,206.4
Australia,Neoplasms,2017,201.1
Australia,Neoplasms,2018,202.2
Australia,Neoplasms,2019,205
Australia,Neoplasms,1984,269.2
Australia,Neoplasms,1985,271.8
Australia,Neoplasms,1986,264
Australia,Neoplasms,1987,267.1
Australia,Neoplasms,1988,267
Australia,Neoplasms,1989,270.2
Australia,Neoplasms,1990,264
Australia,Neoplasms,1991,265.2
Australia,Neoplasms,1992,265.1
Australia,Neoplasms,1993,265.7
Australia,Neoplasms,1994,269.7
Australia,Neoplasms,1999,247.5
Australia,Neoplasms,2000,245.7
Australia,Neoplasms,2001,243.9
Australia,Neoplasms,2002,242.5
Australia,Neoplasms,2003,236.2
Australia,Neoplasms,2004,236.1
Australia,Neoplasms,2006,235.7
Australia,Neoplasms,2007,226
Australia,Neoplasms,2008,231.9
Australia,Neoplasms,2009,223.3
Australia,Neoplasms,1995,260.7
Australia,"Congenital malformations, deformations and chromosomal abnormalities",1993,3.7
Australia,"Congenital malformations, deformations and chromosomal abnormalities",1994,3.8
Australia,"Symptoms, signs, ill-defined causes",1984,5.8
Australia,"Symptoms, signs, ill-defined causes",1985,5.9
Australia,Mental and behavioural disorders,2020,41.6
Australia,Mental and behavioural disorders,2021,43.3
Australia,Mental and behavioural disorders,2022,45.6
Australia,Mental and behavioural disorders,1998,21
Australia,Mental and behavioural disorders,2010,36.3
Australia,Mental and behavioural disorders,2011,38.8
Australia,Mental and behavioural disorders,2012,39.8
Australia,Mental and behavioural disorders,2013,39
Australia,Mental and behavioural disorders,2014,41.6
Australia,Mental and behavioural disorders,2015,43.1
Australia,Mental and behavioural disorders,2016,43.5
Australia,Mental and behavioural disorders,2017,43.4
Australia,Mental and behavioural disorders,2018,43
Australia,Mental and behavioural disorders,2019,45.1
Australia,Mental and behavioural disorders,1987,19.6
Australia,Mental and behavioural disorders,1988,20.4
Australia,Mental and behavioural disorders,1989,22.3
Australia,Mental and behavioural disorders,1990,20.6
Australia,Mental and behavioural disorders,1991,18.5
Australia,Mental and behavioural disorders,1992,20.3
Australia,Mental and behavioural disorders,1993,21.5
Australia,Mental and behavioural disorders,1994,27
Australia,Mental and behavioural disorders,1995,26.6
Australia,Mental and behavioural disorders,1996,29.5
Australia,Mental and behavioural disorders,1997,23.7
Australia,Mental and behavioural disorders,1999,20.7
Australia,Mental and behavioural disorders,2000,21.5
Australia,Mental and behavioural disorders,2001,18.8
Australia,Mental and behavioural disorders,2002,21.3
Australia,Mental and behavioural disorders,2003,21.3
Australia,Mental and behavioural disorders,2004,22.2
Australia,Mental and behavioural disorders,2006,32.3
Australia,Mental and behavioural disorders,2007,32.8
Australia,Mental and behavioural disorders,2008,35.5
Australia,Mental and behavioural disorders,2009,35
Australia,Mental and behavioural disorders,1982,14.4
Australia,Mental and behavioural disorders,1983,11.9
Australia,Mental and behavioural disorders,1984,15.3
Australia,Mental and behavioural disorders,1985,19.1
Australia,Mental and behavioural disorders,1986,17.3
Australia,"Symptoms, signs, ill-defined causes",2022,15.3
Australia,"Symptoms, signs, ill-defined causes",1982,6.1
Australia,"Symptoms, signs, ill-defined causes",1983,5.4
Australia,"Symptoms, signs, ill-defined causes",1998,3.9
Australia,"Symptoms, signs, ill-defined causes",2012,6.3
Australia,"Symptoms, signs, ill-defined causes",2013,6.4
Australia,"Symptoms, signs, ill-defined causes",2014,7
Australia,"Symptoms, signs, ill-defined causes",2015,5.8
Australia,"Symptoms, signs, ill-defined causes",2016,5.4
Australia,"Symptoms, signs, ill-defined causes",2017,5.9
Australia,"Symptoms, signs, ill-defined causes",2018,6.2
Australia,"Symptoms, signs, ill-defined causes",2019,8.2
Australia,"Symptoms, signs, ill-defined causes",2020,8.9
Australia,"Symptoms, signs, ill-defined causes",2021,11
Australia,"Symptoms, signs, ill-defined causes",1986,5.5
Australia,"Symptoms, signs, ill-defined causes",1987,5.4
Australia,"Symptoms, signs, ill-defined causes",1988,4.9
Australia,"Symptoms, signs, ill-defined causes",1989,5.5
Australia,"Symptoms, signs, ill-defined causes",1990,5.3
Australia,"Symptoms, signs, ill-defined causes",1991,4.3
Australia,"Symptoms, signs, ill-defined causes",1992,4.8
Australia,"Symptoms, signs, ill-defined causes",1993,4
Australia,"Symptoms, signs, ill-defined causes",1994,3.7
Australia,"Symptoms, signs, ill-defined causes",1995,18.1
Australia,"Symptoms, signs, ill-defined causes",1996,3.4
Australia,"Symptoms, signs, ill-defined causes",1997,3.3
Australia,"Symptoms, signs, ill-defined causes",1999,3.6
Australia,"Symptoms, signs, ill-defined causes",2000,4
Australia,"Symptoms, signs, ill-defined causes",2001,3.2
Australia,"Symptoms, signs, ill-defined causes",2006,5.2
Australia,"Symptoms, signs, ill-defined causes",2007,5.5
Australia,"Symptoms, signs, ill-defined causes",2008,4.4
Australia,"Symptoms, signs, ill-defined causes",2009,3.7
Australia,"Symptoms, signs, ill-defined causes",2010,4.1
Australia,"Symptoms, signs, ill-defined causes",2011,4.9
Australia,"Symptoms, signs, ill-defined causes",2002,4.3
Australia,"Symptoms, signs, ill-defined causes",2003,5.1
Australia,"Symptoms, signs, ill-defined causes",2004,5.4
Australia,External causes of mortality,1985,58.1
Australia,External causes of mortality,1986,55.7
Australia,External causes of mortality,2020,45.7
Australia,External causes of mortality,2021,46.2
Australia,External causes of mortality,2022,48
Australia,External causes of mortality,1998,48.3
Australia,External causes of mortality,2010,42.5
Australia,External causes of mortality,2011,43.4
Australia,External causes of mortality,2012,43.1
Australia,"Congenital malformations, deformations and chromosomal abnormalities",2014,2.6
Australia,"Congenital malformations, deformations and chromosomal abnormalities",1998,3.2
Australia,External causes of mortality,2015,46.5
Australia,External causes of mortality,2016,45.6
Australia,External causes of mortality,2017,45.8
Australia,External causes of mortality,2018,45.6
Australia,External causes of mortality,2019,48.1
Australia,External causes of mortality,1987,56.1
Australia,External causes of mortality,1988,56.3
Australia,External causes of mortality,1989,55.6
Australia,External causes of mortality,1990,51.6
Australia,External causes of mortality,1991,49.1
Australia,External causes of mortality,1992,47
Australia,External causes of mortality,1993,43.3
Australia,External causes of mortality,1994,45.2
Australia,External causes of mortality,1995,42.9
Australia,External causes of mortality,1996,45.6
Australia,External causes of mortality,1997,44.7
Australia,External causes of mortality,1999,47.5
Australia,External causes of mortality,2000,46.3
Australia,External causes of mortality,2001,43.6
Australia,External causes of mortality,2002,42.9
Australia,External causes of mortality,2003,41.8
Australia,External causes of mortality,2004,43.1
Australia,External causes of mortality,2006,43
Australia,External causes of mortality,2007,41.6
Australia,External causes of mortality,2008,44.1
Australia,External causes of mortality,2009,43.7
Australia,External causes of mortality,1982,63.6
Australia,External causes of mortality,1983,56.3
Australia,External causes of mortality,1984,57
Australia,Diseases of the genitourinary system,1997,19.9
Australia,Diseases of the genitourinary system,1999,20.9
Australia,Diseases of the genitourinary system,1994,19.1
Australia,Diseases of the genitourinary system,1995,18.1
Australia,Diseases of the genitourinary system,1996,18.8
Australia,Diseases of the genitourinary system,1998,21.3
Australia,Diseases of the genitourinary system,1984,22.1
Australia,Diseases of the genitourinary system,1985,22.3
Australia,Diseases of the genitourinary system,1986,19.5
Australia,Diseases of the genitourinary system,1987,19.4
Australia,Diseases of the genitourinary system,1988,20.1
Australia,Diseases of the genitourinary system,1989,20.5
Australia,Diseases of the genitourinary system,1990,19.6
Australia,Diseases of the genitourinary system,1991,19.3
Australia,Diseases of the genitourinary system,1992,17.6
Australia,Diseases of the genitourinary system,1993,18.1
Australia,Diseases of the genitourinary system,2000,19.4
Australia,Diseases of the genitourinary system,2001,19.9
Australia,Diseases of the genitourinary system,2002,20
Australia,Diseases of the genitourinary system,2003,19.4
Australia,Diseases of the genitourinary system,2004,19.1
Australia,Diseases of the genitourinary system,2006,20.5
Australia,Diseases of the genitourinary system,2007,19.1
Australia,Diseases of the genitourinary system,2008,18.5
Australia,Diseases of the genitourinary system,2009,18.4
Australia,Diseases of the genitourinary system,2010,17.6
Australia,Diseases of the genitourinary system,2011,17.7
Australia,Diseases of the genitourinary system,2012,18.9
Australia,Diseases of the genitourinary system,2013,14.9
Australia,Diseases of the genitourinary system,2014,15
Australia,Diseases of the genitourinary system,2015,16.1
Australia,Diseases of the genitourinary system,2019,16.5
Australia,Diseases of the genitourinary system,2020,15.9
Australia,Diseases of the genitourinary system,2021,16.9
Australia,Diseases of the genitourinary system,2022,17.6
Australia,Diseases of the genitourinary system,1982,22.2
Australia,Diseases of the genitourinary system,1983,22.1
Australia,Diseases of the genitourinary system,2016,15.3
Australia,Diseases of the genitourinary system,2017,16
Australia,Diseases of the genitourinary system,2018,14.2
Australia,Codes for special purposes: COVID-19,2021,4.3
Australia,Codes for special purposes: COVID-19,2022,36.8
Australia,Codes for special purposes: COVID-19,2020,3.6
Australia,Diseases of the skin and subcutaneous tissue,2020,2.5
Australia,Diseases of the skin and subcutaneous tissue,2021,2.6
Australia,Diseases of the skin and subcutaneous tissue,2014,2.2
Australia,Diseases of the skin and subcutaneous tissue,2015,2.4
Australia,Diseases of the skin and subcutaneous tissue,2016,2.4
Australia,Diseases of the skin and subcutaneous tissue,1998,2
Australia,Diseases of the skin and subcutaneous tissue,2003,2
Australia,Diseases of the skin and subcutaneous tissue,2004,2.1
Australia,Diseases of the skin and subcutaneous tissue,2006,2.1
Australia,Diseases of the skin and subcutaneous tissue,2007,2.1
Australia,Diseases of the skin and subcutaneous tissue,2008,2.2
Australia,Diseases of the skin and subcutaneous tissue,2009,2.1
Australia,Diseases of the skin and subcutaneous tissue,2010,2.1
Australia,Diseases of the skin and subcutaneous tissue,2011,2.3
Australia,Diseases of the skin and subcutaneous tissue,2012,2
Australia,Diseases of the skin and subcutaneous tissue,2013,2.1
Australia,Diseases of the skin and subcutaneous tissue,2022,3
Australia,Diseases of the skin and subcutaneous tissue,1982,0.8
Australia,Diseases of the skin and subcutaneous tissue,1983,0.9
Australia,Diseases of the skin and subcutaneous tissue,1984,0.8
Australia,Diseases of the skin and subcutaneous tissue,1985,1.1
Australia,Diseases of the skin and subcutaneous tissue,1986,1.2
Australia,Diseases of the skin and subcutaneous tissue,1987,1.1
Australia,Diseases of the skin and subcutaneous tissue,1988,1.4
Australia,Diseases of the skin and subcutaneous tissue,1989,1.6
Australia,Neoplasms,1996,261.6
Australia,Neoplasms,1997,253.1
Australia,Diseases of the skin and subcutaneous tissue,1992,1.5
Australia,Diseases of the skin and subcutaneous tissue,1993,1.7
Australia,Diseases of the skin and subcutaneous tissue,1994,1.9
Australia,Diseases of the skin and subcutaneous tissue,1995,2.3
Australia,Diseases of the skin and subcutaneous tissue,1996,1.5
Australia,Diseases of the skin and subcutaneous tissue,1997,1.7
Australia,Diseases of the skin and subcutaneous tissue,1999,2.2
Australia,Diseases of the skin and subcutaneous tissue,2000,1.8
Australia,Diseases of the skin and subcutaneous tissue,2001,1.9
Australia,Diseases of the skin and subcutaneous tissue,2002,2.3
Australia,Diseases of the skin and subcutaneous tissue,2017,2.4
Australia,Diseases of the skin and subcutaneous tissue,2018,2.5
Australia,Diseases of the skin and subcutaneous tissue,2019,2.6
Australia,Diseases of the respiratory system,1982,109.8
Australia,Diseases of the respiratory system,1983,92.4
Australia,Diseases of the respiratory system,2020,49.7
Australia,Diseases of the respiratory system,2021,52.4
Australia,Diseases of the respiratory system,2022,56.7
Australia,Diseases of the respiratory system,1998,72.4
Australia,Diseases of the respiratory system,2010,62.3
Australia,Diseases of the respiratory system,2011,64
Australia,Diseases of the respiratory system,2012,65.8
Australia,Diseases of the respiratory system,2013,60.1
Australia,Diseases of the respiratory system,2014,64.6
Australia,Diseases of the respiratory system,2015,65.4
Australia,Diseases of the respiratory system,2016,65.6
Australia,Diseases of the respiratory system,2017,70.2
Australia,Diseases of the respiratory system,2018,60.1
Australia,Diseases of the respiratory system,2019,66.8
Australia,Diseases of the respiratory system,1984,92.8
Australia,Diseases of the respiratory system,1985,103.1
Australia,Diseases of the respiratory system,1986,82.3
Australia,Diseases of the respiratory system,1987,87
Australia,Diseases of the respiratory system,1988,90
Australia,Diseases of the respiratory system,1989,105.5
Australia,Diseases of the respiratory system,1990,85
Australia,Diseases of the respiratory system,1991,82
Australia,Diseases of the respiratory system,1992,90.8
Australia,Diseases of the respiratory system,1996,83.2
Australia,Diseases of the respiratory system,1997,104.6
Australia,Diseases of the respiratory system,1999,70.4
Australia,Diseases of the respiratory system,2000,78
Australia,Diseases of the respiratory system,2001,72.3
Australia,Diseases of the respiratory system,2002,77
Australia,Diseases of the respiratory system,2003,76.1
Australia,Diseases of the respiratory system,2004,73.6
Australia,Diseases of the respiratory system,2006,66.7
Australia,Diseases of the respiratory system,2007,66.5
Australia,Diseases of the respiratory system,2008,62.6
Australia,Diseases of the respiratory system,2009,59.4
Australia,Diseases of the respiratory system,1993,79.2
Australia,Diseases of the respiratory system,1994,84.9
Australia,Diseases of the respiratory system,1995,76.9
Australia,Certain conditions originating in the perinatal period,1985,4.6
Australia,Certain conditions originating in the perinatal period,1986,4.1
Australia,Certain conditions originating in the perinatal period,2020,1.9
Australia,Certain conditions originating in the perinatal period,2021,2.1
Australia,Certain conditions originating in the perinatal period,2022,2
Australia,Certain conditions originating in the perinatal period,1998,2.7
Australia,Certain conditions originating in the perinatal period,2010,2.5
Australia,Certain conditions originating in the perinatal period,2011,2.5
Australia,Certain conditions originating in the perinatal period,2012,2
Australia,Certain conditions originating in the perinatal period,2013,2.2
Australia,Certain conditions originating in the perinatal period,2014,2.1
Australia,Certain conditions originating in the perinatal period,2015,2.1
Australia,Certain conditions originating in the perinatal period,2016,2.1
Australia,Certain conditions originating in the perinatal period,2017,2.2
Australia,Certain conditions originating in the perinatal period,2018,2
Australia,Certain conditions originating in the perinatal period,2019,2
Australia,Certain conditions originating in the perinatal period,1987,4.2
Australia,Certain conditions originating in the perinatal period,1988,4
Australia,Certain conditions originating in the perinatal period,1989,4.3
Australia,Certain conditions originating in the perinatal period,1990,4.1
Australia,Certain conditions originating in the perinatal period,1991,3.6
Australia,Certain conditions originating in the perinatal period,1992,3.8
Australia,Certain conditions originating in the perinatal period,1993,3.1
Australia,Certain conditions originating in the perinatal period,1994,3.2
Australia,Certain conditions originating in the perinatal period,1995,2.8
Australia,Certain conditions originating in the perinatal period,1996,3
Australia,Certain conditions originating in the perinatal period,1997,2.8
Australia,Certain conditions originating in the perinatal period,1999,2.9
Australia,Certain conditions originating in the perinatal period,2000,3
Australia,Certain conditions originating in the perinatal period,2001,3
Australia,Certain conditions originating in the perinatal period,2002,3
Australia,Certain conditions originating in the perinatal period,2003,2.8
Australia,Certain conditions originating in the perinatal period,2004,2.6
Australia,Certain conditions originating in the perinatal period,2006,3
Australia,Certain conditions originating in the perinatal period,2007,2.6
Australia,Certain conditions originating in the perinatal period,2008,2.5
Australia,Certain conditions originating in the perinatal period,2009,2.7
Australia,Certain conditions originating in the perinatal period,1982,4.9
Australia,Certain conditions originating in the perinatal period,1983,4.6
Australia,Certain conditions originating in the perinatal period,1984,4.5
Australia,"Endocrine, nutritional and metabolic diseases",1985,26.9
Australia,"Endocrine, nutritional and metabolic diseases",1986,25.8
Australia,"Endocrine, nutritional and metabolic diseases",2020,29.2
Australia,"Endocrine, nutritional and metabolic diseases",2021,30.4
Australia,External causes of mortality,2013,41.4
Australia,External causes of mortality,2014,45
Australia,"Endocrine, nutritional and metabolic diseases",2010,29.5
Australia,"Endocrine, nutritional and metabolic diseases",2011,30.9
Australia,"Endocrine, nutritional and metabolic diseases",2012,29.9
Australia,"Endocrine, nutritional and metabolic diseases",2013,29.3
Australia,"Endocrine, nutritional and metabolic diseases",2014,29
Australia,"Endocrine, nutritional and metabolic diseases",2015,30.4
Australia,"Endocrine, nutritional and metabolic diseases",2016,30
Australia,"Endocrine, nutritional and metabolic diseases",2017,29.6
Australia,"Endocrine, nutritional and metabolic diseases",2018,28
Australia,"Endocrine, nutritional and metabolic diseases",2019,29.3
Australia,"Endocrine, nutritional and metabolic diseases",1987,27
Australia,"Endocrine, nutritional and metabolic diseases",1988,26.2
Australia,"Endocrine, nutritional and metabolic diseases",1989,28
Australia,"Endocrine, nutritional and metabolic diseases",1990,28
Australia,"Endocrine, nutritional and metabolic diseases",1991,28.6
Australia,"Endocrine, nutritional and metabolic diseases",1992,29.6
Australia,"Endocrine, nutritional and metabolic diseases",1993,31
Australia,"Endocrine, nutritional and metabolic diseases",1994,32.8
Australia,"Endocrine, nutritional and metabolic diseases",1995,31.2
Australia,"Endocrine, nutritional and metabolic diseases",1996,32.8
Australia,"Endocrine, nutritional and metabolic diseases",1997,30.4
Australia,"Endocrine, nutritional and metabolic diseases",1999,29.2
Australia,"Endocrine, nutritional and metabolic diseases",2000,28.6
Australia,"Endocrine, nutritional and metabolic diseases",2001,28.8
Australia,"Endocrine, nutritional and metabolic diseases",2002,29.9
Australia,"Endocrine, nutritional and metabolic diseases",2003,30.1
Australia,"Endocrine, nutritional and metabolic diseases",2004,31.3
Australia,"Endocrine, nutritional and metabolic diseases",2006,31.2
Australia,"Endocrine, nutritional and metabolic diseases",2007,30.5
Australia,"Endocrine, nutritional and metabolic diseases",2008,32.4
Australia,"Endocrine, nutritional and metabolic diseases",2009,31.4
Australia,"Endocrine, nutritional and metabolic diseases",1982,24.5
Australia,"Endocrine, nutritional and metabolic diseases",1983,24.3
Australia,"Endocrine, nutritional and metabolic diseases",1984,26.7
Australia,Diseases of the musculoskeletal system and connective tissue,1997,5
Australia,Diseases of the musculoskeletal system and connective tissue,1999,6.3
Australia,Diseases of the musculoskeletal system and connective tissue,1994,6.8
Australia,Diseases of the musculoskeletal system and connective tissue,1995,6
Australia,Diseases of the musculoskeletal system and connective tissue,1996,6.3
Australia,Diseases of the musculoskeletal system and connective tissue,1998,5.7
Australia,Diseases of the musculoskeletal system and connective tissue,1984,6.3
Australia,Diseases of the musculoskeletal system and connective tissue,1985,6.5
Australia,Diseases of the musculoskeletal system and connective tissue,1986,5.9
Australia,Diseases of the musculoskeletal system and connective tissue,1987,6.3
Australia,Diseases of the musculoskeletal system and connective tissue,1988,6.7
Australia,Diseases of the musculoskeletal system and connective tissue,1989,7
Australia,Diseases of the musculoskeletal system and connective tissue,1990,6.2
Australia,Diseases of the musculoskeletal system and connective tissue,1991,6.1
Australia,Diseases of the musculoskeletal system and connective tissue,1992,6.4
Australia,Diseases of the musculoskeletal system and connective tissue,1993,6
Australia,Diseases of the musculoskeletal system and connective tissue,2000,6
Australia,Diseases of the musculoskeletal system and connective tissue,2001,6.1
Australia,Diseases of the musculoskeletal system and connective tissue,2002,6.7
Australia,Diseases of the musculoskeletal system and connective tissue,2003,6.5
Australia,Diseases of the musculoskeletal system and connective tissue,2004,6.5
Australia,Diseases of the musculoskeletal system and connective tissue,2006,6.6
Australia,Diseases of the musculoskeletal system and connective tissue,2007,6.3
Australia,Diseases of the musculoskeletal system and connective tissue,2008,6.5
Australia,Diseases of the musculoskeletal system and connective tissue,2009,5.8
Australia,Diseases of the musculoskeletal system and connective tissue,2010,6.1
Australia,Diseases of the musculoskeletal system and connective tissue,2011,6
Australia,Diseases of the musculoskeletal system and connective tissue,2012,5.7
Australia,Diseases of the musculoskeletal system and connective tissue,2013,5.7
Australia,Diseases of the musculoskeletal system and connective tissue,2014,5.7
Australia,Diseases of the musculoskeletal system and connective tissue,2015,6
Australia,Diseases of the musculoskeletal system and connective tissue,2019,5.9
Australia,Diseases of the musculoskeletal system and connective tissue,2020,5.3
Australia,Diseases of the musculoskeletal system and connective tissue,2021,6.2
Australia,Diseases of the musculoskeletal system and connective tissue,2022,6.6
Australia,Diseases of the musculoskeletal system and connective tissue,1982,6.4
Australia,Diseases of the musculoskeletal system and connective tissue,1983,6.3
Australia,Diseases of the musculoskeletal system and connective tissue,2016,6.2
Australia,Diseases of the musculoskeletal system and connective tissue,2017,6.2
Australia,Diseases of the musculoskeletal system and connective tissue,2018,5.8
Australia,Diseases of the digestive system,1982,44.4
Australia,Diseases of the digestive system,1983,40.8
Australia,Diseases of the digestive system,2017,25.6
Australia,Diseases of the digestive system,2018,25.1
Australia,Diseases of the digestive system,2019,26.4
Australia,Diseases of the digestive system,1998,29.5
Australia,Diseases of the digestive system,2007,26.9
Australia,Diseases of the digestive system,2008,27
Australia,Diseases of the digestive system,2009,26.4
Australia,Diseases of the digestive system,2010,26.2
Australia,Diseases of the digestive system,2011,26.2
Australia,Diseases of the digestive system,2012,25.7
Australia,Diseases of the digestive system,2013,25.7
Australia,Diseases of the digestive system,2014,25.4
Australia,Diseases of the digestive system,2015,25.8
Australia,Diseases of the digestive system,2016,25.5
Australia,Diseases of the digestive system,1984,41.9
Australia,Diseases of the digestive system,1985,43
Australia,Diseases of the digestive system,1986,41.1
Australia,Diseases of the digestive system,1987,41.3
Australia,Diseases of the digestive system,1988,40.9
Australia,Diseases of the digestive system,1989,41.5
Australia,Diseases of the digestive system,1990,38
Australia,Diseases of the skin and subcutaneous tissue,1990,1.4
Australia,Diseases of the skin and subcutaneous tissue,1991,1.2
Australia,Diseases of the digestive system,1993,32.2
Australia,Diseases of the digestive system,1994,32.7
Australia,Diseases of the digestive system,1995,31
Australia,Diseases of the digestive system,1996,30.6
Australia,Diseases of the digestive system,1997,29.9
Australia,Diseases of the digestive system,1999,30
Australia,Diseases of the digestive system,2000,28.8
Australia,Diseases of the digestive system,2001,27.1
Australia,Diseases of the digestive system,2002,28.9
Australia,Diseases of the digestive system,2003,28.2
Australia,Diseases of the digestive system,2004,27.8
Australia,Diseases of the digestive system,2006,27.1
Australia,Diseases of the digestive system,2020,26
Australia,Diseases of the digestive system,2021,27.7
Australia,Diseases of the digestive system,2022,29
Australia,Diseases of the circulatory system,1984,664.5
Australia,Diseases of the circulatory system,1985,661.6
Australia,Diseases of the circulatory system,2022,168.5
Australia,Diseases of the circulatory system,1998,398.8
Australia,Diseases of the circulatory system,1996,440.4
Australia,Diseases of the circulatory system,1997,415.7
Australia,Diseases of the circulatory system,2012,216.8
Australia,Diseases of the circulatory system,2013,208.2
Australia,Diseases of the circulatory system,2014,209.1
Australia,Diseases of the circulatory system,2015,206
Australia,Diseases of the circulatory system,2016,194.2
Australia,Diseases of the circulatory system,2017,187.6
Australia,Diseases of the circulatory system,2018,176.5
Australia,Diseases of the circulatory system,2019,177.8
Australia,Diseases of the circulatory system,2020,161.2
Australia,Diseases of the circulatory system,2021,165.2
Australia,Diseases of the circulatory system,1986,602
Australia,Diseases of the circulatory system,1987,596.9
Australia,Diseases of the circulatory system,1988,565.8
Australia,Diseases of the circulatory system,1989,582.4
Australia,Diseases of the circulatory system,1990,531.7
Australia,Diseases of the circulatory system,1991,507.5
Australia,Diseases of the circulatory system,1992,507.8
Australia,Diseases of the circulatory system,1993,477.5
Australia,Diseases of the circulatory system,1994,484.2
Australia,Diseases of the circulatory system,1995,450
Australia,Diseases of the circulatory system,2000,357.1
Australia,Diseases of the circulatory system,2001,341.5
Australia,Diseases of the circulatory system,2002,333.5
Australia,Diseases of the circulatory system,2003,314.4
Australia,Diseases of the circulatory system,2004,303.1
Australia,Diseases of the circulatory system,2006,282.7
Australia,Diseases of the circulatory system,2007,268.5
Australia,Diseases of the circulatory system,2008,269.6
Australia,Diseases of the circulatory system,2009,247.6
Australia,Diseases of the circulatory system,2010,235.6
Australia,Diseases of the circulatory system,2011,231.7
Australia,Diseases of the circulatory system,1999,381.2
Australia,Diseases of the circulatory system,1982,718.3
Australia,Diseases of the circulatory system,1983,666.7
Australia,Diseases of the nervous system,1985,18.6
Australia,Diseases of the nervous system,1986,17.4
Australia,Diseases of the nervous system,2020,40.3
Australia,Diseases of the nervous system,2021,43.3
Australia,Diseases of the nervous system,2022,44.6
Australia,Diseases of the nervous system,1998,27.6
Australia,Diseases of the nervous system,2010,32
Australia,Diseases of the nervous system,2011,34.3
Australia,Diseases of the nervous system,2012,34
Australia,Diseases of the nervous system,2013,36.1
Australia,Diseases of the nervous system,2014,38
Australia,Diseases of the nervous system,2015,38.7
Australia,Diseases of the nervous system,2016,39.1
Australia,Diseases of the nervous system,2017,40
Australia,Diseases of the nervous system,2018,39.6
Australia,Diseases of the nervous system,2019,41.7
Australia,Diseases of the nervous system,1987,19
Australia,Diseases of the nervous system,1988,20.3
Australia,Diseases of the nervous system,1989,22.5
Australia,Diseases of the nervous system,1990,20.9
Australia,Diseases of the nervous system,1991,20.9
Australia,Diseases of the nervous system,1992,23.4
Australia,Diseases of the nervous system,1993,23.7
Australia,Diseases of the nervous system,1994,24.5
Australia,Diseases of the nervous system,1995,23.9
Australia,Diseases of the nervous system,1996,23.8
Australia,Diseases of the nervous system,1997,20.4
Australia,Diseases of the nervous system,1999,28
Australia,Diseases of the nervous system,2000,28.1
Australia,Diseases of the nervous system,2001,28.3
Australia,Diseases of the nervous system,2002,29.8
Australia,Diseases of the nervous system,2003,27.2
Australia,Diseases of the nervous system,2004,28.3
Australia,Diseases of the nervous system,2006,29.6
Australia,Diseases of the nervous system,2007,30.9
Australia,Diseases of the nervous system,2008,32.9
Australia,Diseases of the nervous system,2009,31.4
Australia,Diseases of the nervous system,1982,15.1
Australia,Diseases of the nervous system,1983,15.3
Australia,Diseases of the nervous system,1984,16
Australia,Certain infectious and parasitic diseases,2007,10.4
Australia,Certain infectious and parasitic diseases,2008,10.6
Australia,"Endocrine, nutritional and metabolic diseases",2022,32.2
Australia,"Endocrine, nutritional and metabolic diseases",1998,28.8
Australia,Certain infectious and parasitic diseases,2020,9.2
Australia,Certain infectious and parasitic diseases,2021,10
Australia,Certain infectious and parasitic diseases,1991,9.3
Australia,Certain infectious and parasitic diseases,1992,10.2
Australia,Certain infectious and parasitic diseases,1993,10.9
Australia,Certain infectious and parasitic diseases,1994,11.1
Australia,Certain infectious and parasitic diseases,1995,11.1
Australia,Certain infectious and parasitic diseases,1996,11.5
Australia,Certain infectious and parasitic diseases,1997,10.4
Australia,Certain infectious and parasitic diseases,1999,11
Australia,Certain infectious and parasitic diseases,2000,11.1
Australia,Certain infectious and parasitic diseases,2001,11
Australia,Certain infectious and parasitic diseases,2009,9.6
Australia,Certain infectious and parasitic diseases,2010,11
Australia,Certain infectious and parasitic diseases,2011,12
Australia,Certain infectious and parasitic diseases,2012,11.7
Australia,Certain infectious and parasitic diseases,2013,12.7
Australia,Certain infectious and parasitic diseases,2014,12.6
Australia,Certain infectious and parasitic diseases,2015,12.9
Australia,Certain infectious and parasitic diseases,2016,12.5
Australia,Certain infectious and parasitic diseases,2017,11.4
Australia,Certain infectious and parasitic diseases,2018,10.1
Australia,Certain infectious and parasitic diseases,2019,10.6
Australia,Certain infectious and parasitic diseases,2022,10.9
Australia,Certain infectious and parasitic diseases,1982,5.6
Australia,Certain infectious and parasitic diseases,1983,5.8
Australia,Certain infectious and parasitic diseases,1984,5.5
Australia,Certain infectious and parasitic diseases,1985,6.6
Australia,Certain infectious and parasitic diseases,1986,6.2
Australia,Certain infectious and parasitic diseases,1987,6.9
Australia,Certain infectious and parasitic diseases,1988,7.6
Australia,Certain infectious and parasitic diseases,1989,8.5
Australia,Certain infectious and parasitic diseases,1990,9.3
Australia,Certain infectious and parasitic diseases,2003,10.7
Australia,Certain infectious and parasitic diseases,2004,11
Australia,Certain infectious and parasitic diseases,2006,11.6
Australia,Diseases of the blood and blood-forming organs,1985,4.9
Australia,Diseases of the blood and blood-forming organs,1986,4.7
Australia,Diseases of the blood and blood-forming organs,2020,2.1
Australia,Diseases of the blood and blood-forming organs,2021,2.1
Australia,Diseases of the blood and blood-forming organs,2022,2.1
Australia,Diseases of the blood and blood-forming organs,1998,3.2
Australia,Diseases of the blood and blood-forming organs,2010,2.1
Australia,Diseases of the blood and blood-forming organs,2011,2.3
Australia,Diseases of the blood and blood-forming organs,2012,2.1
Australia,Diseases of the blood and blood-forming organs,2013,2.4
Australia,Diseases of the blood and blood-forming organs,2014,2.5
Australia,Diseases of the blood and blood-forming organs,2015,2.4
Australia,Diseases of the blood and blood-forming organs,2016,2.2
Australia,Diseases of the blood and blood-forming organs,2017,2.3
Australia,Diseases of the blood and blood-forming organs,2018,2.1
Australia,Diseases of the blood and blood-forming organs,2019,2.3
Australia,Diseases of the blood and blood-forming organs,1987,5
Australia,Diseases of the blood and blood-forming organs,1988,4.3
Australia,Diseases of the blood and blood-forming organs,1989,4.5
Australia,Diseases of the blood and blood-forming organs,1990,4.6
Australia,Diseases of the blood and blood-forming organs,1991,4.1
Australia,Diseases of the blood and blood-forming organs,1992,4.1
Australia,Diseases of the blood and blood-forming organs,1993,3.4
Australia,Diseases of the blood and blood-forming organs,1994,3.4
Australia,Diseases of the blood and blood-forming organs,1995,3
Australia,Diseases of the blood and blood-forming organs,1996,3.2
Australia,Diseases of the blood and blood-forming organs,1997,3.1
Australia,Diseases of the blood and blood-forming organs,1999,3.2
Australia,Diseases of the blood and blood-forming organs,2000,2.8
Australia,Diseases of the blood and blood-forming organs,2001,2.7
Australia,Diseases of the blood and blood-forming organs,2002,2.8
Australia,Diseases of the blood and blood-forming organs,2003,2.8
Australia,Diseases of the blood and blood-forming organs,2004,3
Australia,Diseases of the blood and blood-forming organs,2006,2.9
Australia,Diseases of the blood and blood-forming organs,2007,2.7
Australia,Diseases of the blood and blood-forming organs,2008,2.7
Australia,Diseases of the blood and blood-forming organs,2009,2.2
Australia,Diseases of the blood and blood-forming organs,1982,5.1
Australia,Diseases of the blood and blood-forming organs,1983,4.3
Australia,Diseases of the blood and blood-forming organs,1984,4.6
Australia,Total,1985,1259
Australia,Total,1986,1156.5
Australia,Total,2020,639.9
Australia,Total,2021,662.3
Australia,Total,2022,716.7
Australia,Total,1998,931.4
Australia,Total,2010,737
Australia,Total,2011,741.6
Australia,Total,2012,721.3
Australia,Total,2013,703.5
Australia,Total,2014,712.2
Australia,Total,2015,719.1
Australia,Total,2016,698.3
Australia,Total,2017,692.2
Australia,Total,2018,665.7
Australia,Total,2019,690.8
Australia,Total,1987,1166.1
Australia,Total,1988,1139.4
Australia,Total,1989,1182.5
Australia,Total,1990,1092.4
Australia,Total,1991,1058.8
Australia,Diseases of the digestive system,1991,37.4
Australia,Diseases of the digestive system,1992,34.9
Australia,Total,1994,1051.4
Australia,Total,1995,1005.2
Australia,Total,1996,995.9
Australia,Total,1997,971.5
Australia,Total,1999,908.4
Australia,Total,2000,885.3
Australia,Total,2001,855.3
Australia,Total,2002,859.1
Australia,Total,2003,827.6
Australia,Total,2004,818.2
Australia,Total,2006,802.9
Australia,Total,2007,775
Australia,Total,2008,786.3
Australia,Total,2009,745.8
Australia,Total,1982,1310.2
Australia,Total,1983,1229.2
Australia,Total,1984,1238.1